<?xml version="1.0" encoding="UTF-8"?>
<beans xmlns="http://www.springframework.org/schema/beans"
	xmlns:xsi="http://www.w3.org/2001/XMLSchema-instance" xmlns:p="http://www.springframework.org/schema/p"
	xmlns:context="http://www.springframework.org/schema/context"
	xmlns:mvc="http://www.springframework.org/schema/mvc"
	xsi:schemaLocation="http://www.springframework.org/schema/beans  
	http://www.springframework.org/schema/beans/spring-beans.xsd  
	http://www.springframework.org/schema/context  
	http://www.springframework.org/schema/context/spring-context.xsd
	http://www.springframework.org/schema/mvc 
	http://www.springframework.org/schema/mvc/spring-mvc.xsd">
	<context:component-scan base-package="com.skc.lnd.controller"/>
	<mvc:annotation-driven/>
	<mvc:default-servlet-handler/>
	
	<bean id="QADao" class ="com.skc.UserDao.UserDaoImpl">
		<property name="template" ref="jt"/>
	</bean>	
	
	<bean id = "jt" class = "org.springframework.jdbc.core.JdbcTemplate">
	<property name="dataSource" ref= "ds"/>
	</bean>
	
	<bean id="ds" class="org.springframework.jdbc.datasource.DriverManagerDataSource">
	<property name="driverClassName" value="oracle.jdbc.driver.OracleDriver"/>
	<property name="url" value="jdbc:oracle:thin:@10.232.71.29:1521:INATP02" />
	<property name="username" value="shobana"/>
	<property name="password" value="shobana"/>
	</bean>
	
</beans>